<?xml version="1.0" encoding="utf-8"?>
<menu xmlns:xsi="http://www.w3.org/2001/XMLSchema-instance"
      xsi:noNamespaceSchemaLocation="https://raw.githubusercontent.com/shopware/shopware/5.3/engine/Shopware/Components/Plugin/schema/menu.xsd">

    <entries>
      <!--  <entry>
            <name>SpkThree</name>
            <label lang="en">3D picture overview</label>
            <label lang="de">3D Bild übersicht</label>
            <controller>SpkThree</controller>
            <action>Index</action>
            <class>sprite-application-block</class>
            <parent identifiedBy="controller">Marketing</parent>
        </entry>-->
        <entry>
            <name>SpkThree</name>
            <label lang="en">3D Pictures</label>
            <label lang="de">3D Bilder</label>
            <controller>SpkThree</controller>
            <action>index</action>
            <class>sprite-application-block</class>
            <parent identifiedBy="controller">Content</parent>
            <onclick>Shopware.ModuleManager.createSimplifiedModule("SpkThree", { "title": "3D Bilder Upload" })</onclick>
        </entry>
    </entries>

</menu>
