<?xml version="1.0" ?>

<container xmlns="http://symfony.com/schema/dic/services"
           xmlns:xsi="http://www.w3.org/2001/XMLSchema-instance"
           xsi:schemaLocation="http://symfony.com/schema/dic/services http://symfony.com/schema/dic/services/services-1.0.xsd">

    <services>
        <!-- Default configuration for services in *this* file -->
        <defaults autowire="true" autoconfigure="true"/>
        <!-- makes classes in src/ available to be used as services -->
        <!-- this creates a service per class whose id is the fully-qualified class name -->
        <prototype namespace="BAL\Contact\" resource="../src/*" exclude="../src/{DependencyInjection,Entity,Tests,Kernel.php}"/>

        <service id="BAL\Contact\Core\Content\Product\ProductExtension">
            <tag name="shopware.entity.extension"/>
        </service>

        <service id="BAL\Contact\Core\Content\Contact\ContactDefinition">
            <tag name="shopware.entity.definition" entity="bal_contact" />
        </service>

        <service id="BAL\Contact\Core\Content\Contact\Aggregate\ContactProduct\ContactProductDefinition">
            <tag name="shopware.entity.definition" entity="bal_contact_product"/>
        </service>
        <service id="BAL\Contact\Storefront\Page\Product\Subscriber\ProductPageCriteriaSubscriber">
            <tag name="kernel.event_subscriber"/>
        </service>

      <!--
        <service id="BAL\Contact\Core\Api\ContactController" public="true">
        </service>-->

    </services>
</container>
